Timestamp,Filename,Event
2025-08-08_15-20-33,movement_clips/movement_2025-08-08_15-20-33.avi,Movement detected
2025-08-08_15-20-38,movement_clips/movement_2025-08-08_15-20-38.avi,Movement detected
2025-08-08_15-20-43,movement_clips/movement_2025-08-08_15-20-43.avi,Movement detected
2025-08-08_15-20-49,movement_clips/movement_2025-08-08_15-20-49.avi,Movement detected
2025-08-08_15-20-54,movement_clips/movement_2025-08-08_15-20-54.avi,Movement detected
2025-08-08_15-20-59,movement_clips/movement_2025-08-08_15-20-59.avi,Movement detected
2025-08-08_15-21-11,movement_clips/movement_2025-08-08_15-21-11.avi,Movement detected
2025-08-08_15-21-16,movement_clips/movement_2025-08-08_15-21-16.avi,Movement detected
2025-08-08_15-21-21,movement_clips/movement_2025-08-08_15-21-21.avi,Movement detected
2025-08-08_15-21-26,movement_clips/movement_2025-08-08_15-21-26.avi,Movement detected
2025-08-08_15-21-44,movement_clips/movement_2025-08-08_15-21-44.avi,Movement detected
2025-08-08_15-21-50,movement_clips/movement_2025-08-08_15-21-50.avi,Movement detected
2025-08-08_15-21-55,movement_clips/movement_2025-08-08_15-21-55.avi,Movement detected
2025-08-08_15-23-39,movement_clips/movement_2025-08-08_15-23-39.avi,Movement detected
2025-08-08_15-23-44,movement_clips/movement_2025-08-08_15-23-44.avi,Movement detected
2025-08-08_15-23-50,movement_clips/movement_2025-08-08_15-23-50.avi,Movement detected
2025-08-08_15-23-55,movement_clips/movement_2025-08-08_15-23-55.avi,Movement detected
2025-08-08_15-24-00,movement_clips/movement_2025-08-08_15-24-00.avi,Movement detected
2025-08-08_15-24-05,movement_clips/movement_2025-08-08_15-24-05.avi,Movement detected
2025-08-08_15-24-13,movement_clips/movement_2025-08-08_15-24-13.avi,Movement detected
2025-08-08_15-31-07,movement_clips/movement_2025-08-08_15-31-07.avi,Movement detected
2025-08-08_15-31-12,movement_clips/movement_2025-08-08_15-31-12.avi,Movement detected
2025-08-08_15-31-29,movement_clips/movement_2025-08-08_15-31-29.avi,Movement detected
2025-08-08_15-31-35,movement_clips/movement_2025-08-08_15-31-35.avi,Movement detected
2025-08-08_15-31-51,movement_clips/movement_2025-08-08_15-31-51.avi,Movement detected
2025-08-08_15-36-56,movement_clips/movement_2025-08-08_15-36-56.avi,Movement detected
2025-08-08_15-37-13,movement_clips/movement_2025-08-08_15-37-13.avi,Movement detected
2025-08-08_15-37-19,movement_clips/movement_2025-08-08_15-37-19.avi,Movement detected
2025-08-08_15-37-24,movement_clips/movement_2025-08-08_15-37-24.avi,Movement detected
2025-08-11_09-31-06,movement_clips/movement_2025-08-11_09-31-06.avi,Movement detected
2025-08-11_09-31-15,movement_clips/movement_2025-08-11_09-31-15.avi,Movement detected
2025-08-11_09-31-29,movement_clips/movement_2025-08-11_09-31-29.avi,Movement detected
2025-08-11_09-31-40,movement_clips/movement_2025-08-11_09-31-40.avi,Movement detected
2025-08-11_09-31-47,movement_clips/movement_2025-08-11_09-31-47.avi,Movement detected
2025-08-11_09-31-56,movement_clips/movement_2025-08-11_09-31-56.avi,Movement detected
2025-08-11_09-32-03,movement_clips/movement_2025-08-11_09-32-03.avi,Movement detected
2025-08-11_09-32-10,movement_clips/movement_2025-08-11_09-32-10.avi,Movement detected
2025-08-14_09-49-27,movement_clips/movement_2025-08-14_09-49-27.avi,Movement detected
2025-08-14_09-49-40,movement_clips/movement_2025-08-14_09-49-40.avi,Movement detected
2025-08-14_09-49-46,movement_clips/movement_2025-08-14_09-49-46.avi,Movement detected
2025-08-14_09-49-51,movement_clips/movement_2025-08-14_09-49-51.avi,Movement detected
2025-08-14_09-50-04,movement_clips/movement_2025-08-14_09-50-04.avi,Movement detected
2025-08-14_09-50-19,movement_clips/movement_2025-08-14_09-50-19.avi,Movement detected
2025-08-14_09-50-30,movement_clips/movement_2025-08-14_09-50-30.avi,Movement detected
2025-08-14_09-50-56,movement_clips/movement_2025-08-14_09-50-56.avi,Movement detected
2025-08-14_09-51-12,movement_clips/movement_2025-08-14_09-51-12.avi,Movement detected
2025-08-14_09-51-59,movement_clips/movement_2025-08-14_09-51-59.avi,Movement detected
2025-08-14_09-52-07,movement_clips/movement_2025-08-14_09-52-07.avi,Movement detected
2025-08-14_09-52-16,movement_clips/movement_2025-08-14_09-52-16.avi,Movement detected
2025-08-14_09-52-33,movement_clips/movement_2025-08-14_09-52-33.avi,Movement detected
2025-08-14_09-53-06,movement_clips/movement_2025-08-14_09-53-06.avi,Movement detected
2025-08-14_09-53-14,movement_clips/movement_2025-08-14_09-53-14.avi,Movement detected
2025-08-14_09-53-20,movement_clips/movement_2025-08-14_09-53-20.avi,Movement detected
2025-08-14_09-53-28,movement_clips/movement_2025-08-14_09-53-28.avi,Movement detected
2025-08-14_09-53-35,movement_clips/movement_2025-08-14_09-53-35.avi,Movement detected
2025-08-14_09-53-40,movement_clips/movement_2025-08-14_09-53-40.avi,Movement detected
2025-08-14_10-27-13,movement_clips/movement_2025-08-14_10-27-13.avi,Movement detected
2025-08-14_10-27-20,movement_clips/movement_2025-08-14_10-27-20.avi,Movement detected
2025-08-14_10-27-27,movement_clips/movement_2025-08-14_10-27-27.avi,Movement detected
2025-08-14_10-27-38,movement_clips/movement_2025-08-14_10-27-38.avi,Movement detected
2025-08-19_11-48-20,movement_clips/movement_2025-08-19_11-48-20.avi,Movement detected
2025-08-19_11-48-26,movement_clips/movement_2025-08-19_11-48-26.avi,Movement detected
2025-08-19_11-49-12,movement_clips/movement_2025-08-19_11-49-12.avi,Movement detected
2025-08-19_11-49-19,movement_clips/movement_2025-08-19_11-49-19.avi,Movement detected
2025-08-20_09-52-06,movement_clips\movement_2025-08-20_09-52-06.avi,Movement detected
2025-08-20_09-52-39,movement_clips\movement_2025-08-20_09-52-39.avi,Movement detected
2025-08-20_09-52-57,movement_clips\movement_2025-08-20_09-52-57.avi,Movement detected
2025-08-20_09-53-50,movement_clips/movement_2025-08-20_09-53-50.avi,Movement detected
2025-08-20_09-54-33,movement_clips/movement_2025-08-20_09-54-33.avi,Movement detected
2025-08-20_09-57-40,movement_clips\movement_2025-08-20_09-57-40.avi,Movement detected
2025-08-20_15-13-06,movement_clips/movement_2025-08-20_15-13-06.avi,Movement detected
2025-08-20_15-13-37,movement_clips/movement_2025-08-20_15-13-37.avi,Movement detected
2025-08-20_15-29-52,movement_clips/movement_2025-08-20_15-29-52.avi,Movement detected
2025-08-25_10-06-34,movement_clips/movement_2025-08-25_10-06-34.avi,Movement detected
2025-08-25_10-07-54,movement_clips/movement_2025-08-25_10-07-54.avi,Movement detected
2025-08-25_10-19-52,movement_clips/movement_2025-08-25_10-19-52.avi,Movement detected
2025-08-25_10-20-08,movement_clips/movement_2025-08-25_10-20-08.avi,Movement detected
2025-08-25_10-20-48,movement_clips/movement_2025-08-25_10-20-48.avi,Movement detected
2025-08-25_10-21-17,movement_clips/movement_2025-08-25_10-21-17.avi,Movement detected
2025-08-25_11-39-12,movement_clips/movement_2025-08-25_11-39-12.avi,Movement detected
2025-08-25_11-39-54,movement_clips/movement_2025-08-25_11-39-54.avi,Movement detected
2025-08-25_11-40-14,movement_clips/movement_2025-08-25_11-40-14.avi,Movement detected
2025-08-25_15-51-09,movement_clips/movement_2025-08-25_15-51-09.avi,Movement detected
2025-08-25_15-51-36,movement_clips/movement_2025-08-25_15-51-36.avi,Movement detected
2025-08-25_15-52-08,movement_clips/movement_2025-08-25_15-52-08.avi,Movement detected
2025-08-25_15-56-12,movement_clips/movement_2025-08-25_15-56-12.avi,Movement detected
2025-08-25_15-56-30,movement_clips/movement_2025-08-25_15-56-30.avi,Movement detected
2025-08-25_15-56-40,movement_clips/movement_2025-08-25_15-56-40.avi,Movement detected
2025-08-25_16-05-24,movement_clips/movement_2025-08-25_16-05-24.avi,Movement detected
2025-08-25_16-06-16,movement_clips/movement_2025-08-25_16-06-16.avi,Movement detected
2025-08-25_16-08-00,movement_clips/movement_2025-08-25_16-08-00.avi,Movement detected
2025-08-26_14-42-29,movement_clips/movement_2025-08-26_14-42-29.avi,Movement detected
2025-08-26_14-42-50,movement_clips/movement_2025-08-26_14-42-50.avi,Movement detected
2025-08-26_14-43-04,movement_clips/movement_2025-08-26_14-43-04.avi,Movement detected
2025-08-26_14-43-15,movement_clips/movement_2025-08-26_14-43-15.avi,Movement detected
2025-08-26_14-43-28,movement_clips/movement_2025-08-26_14-43-28.avi,Movement detected
2025-08-26_14-43-54,movement_clips/movement_2025-08-26_14-43-54.avi,Movement detected
2025-08-26_14-44-04,movement_clips/movement_2025-08-26_14-44-04.avi,Movement detected
2025-08-26_15-20-00,movement_clips/movement_2025-08-26_15-20-00.avi,Movement detected
2025-08-26_15-20-41,movement_clips/movement_2025-08-26_15-20-41.avi,Movement detected
